"" ,"perc_overlap_mask" ,"xcorr_vol"
"subject1_session1_motor" ,1.000000000000000 ,0.809570729732513
"subject2_session1_motor" ,1.000000000000000 ,0.594597399234772
