"" ,"perc_overlap_mask" ,"xcorr_vol"
"subject1_session1_motor" ,1.000000000000000 ,0.675081133842468
"subject2_session1_motor" ,1.000000000000000 ,0.747735679149628
