"" ,"perc_overlap_mask" ,"xcorr_vol"
"subject1_session1_motor" ,1.000000000000000 ,0.535055160522461
"subject2_session1_motor" ,1.000000000000000 ,0.837291359901428
