"" ,"perc_overlap_mask" ,"xcorr_vol"
"subject1_session1_motor" ,1.000000000000000 ,0.838680744171143
"subject2_session1_motor" ,1.000000000000000 ,0.549770236015320
