"" ,"perc_overlap_mask" ,"xcorr_vol"
"subject1_session1_motor" ,1.000000000000000 ,0.742448568344116
"subject2_session1_motor" ,1.000000000000000 ,0.745476007461548
