"" ,"perc_overlap_mask" ,"xcorr_vol"
"subject1_session1_motor" ,1.000000000000000 ,0.495860725641251
"subject2_session1_motor" ,1.000000000000000 ,0.886821687221527
