"" ,"perc_overlap_mask" ,"xcorr_vol"
"subject1_session1_motor" ,1.000000000000000 ,0.645511209964752
"subject2_session1_motor" ,1.000000000000000 ,0.764064550399780
