"" ,"perc_overlap_mask" ,"xcorr_vol"
"subject1_session1_motor" ,1.000000000000000 ,0.615208208560944
"subject2_session1_motor" ,1.000000000000000 ,0.766299307346344
