"" ,"perc_overlap_mask" ,"xcorr_vol"
"subject1_session1_motor" ,1.000000000000000 ,0.821115434169769
"subject2_session1_motor" ,1.000000000000000 ,0.606671690940857
