"" ,"perc_overlap_mask" ,"xcorr_vol"
"subject1_session1_motor" ,1.000000000000000 ,0.704892158508301
"subject2_session1_motor" ,1.000000000000000 ,0.724100530147552
