"" ,"perc_overlap_mask" ,"xcorr_vol"
"subject1_session1_motor" ,1.000000000000000 ,0.743334591388702
"subject2_session1_motor" ,1.000000000000000 ,0.658560335636139
