"" ,"perc_overlap_mask" ,"xcorr_vol"
"subject1_session1_motor" ,1.000000000000000 ,0.764923810958862
"subject2_session1_motor" ,1.000000000000000 ,0.626867890357971
