"" ,"perc_overlap_mask" ,"xcorr_vol"
"subject1_session1_motor" ,1.000000000000000 ,0.750701844692230
"subject2_session1_motor" ,1.000000000000000 ,0.678219377994537
