"" ,"perc_overlap_mask" ,"xcorr_vol"
"subject1_session1_motor" ,1.000000000000000 ,0.777849793434143
"subject2_session1_motor" ,1.000000000000000 ,0.628516077995300
