"" ,"perc_overlap_mask" ,"xcorr_vol"
"subject1" ,1.000000000000000 ,0.750753581523895
"subject2" ,1.000000000000000 ,0.666277527809143
