"" ,"perc_overlap_mask" ,"xcorr_vol"
"subject1" ,1.000000000000000 ,0.901597261428833
"subject2" ,1.000000000000000 ,0.887818574905396
